{"count":1,"self":5413.8421247999995,"total":10308.9520903,"children":{"InitializeActuators":{"count":8,"self":0.0010293,"total":0.0010293,"children":null},"InitializeSensors":{"count":8,"self":0.0020036999999999998,"total":0.0020036999999999998,"children":null},"AgentSendState":{"count":3125651,"self":195.138176,"total":298.026969,"children":{"CollectObservations":{"count":5001048,"self":17.712934399999998,"total":17.712934699999998,"children":null},"WriteActionMask":{"count":5001048,"self":2.634725,"total":2.634725,"children":null},"RequestDecision":{"count":5001048,"self":12.474812,"total":82.5411376,"children":{"AgentInfo.ToProto":{"count":5001048,"self":9.368277599999999,"total":70.0663253,"children":{"GenerateSensorData":{"count":5001048,"self":49.210432,"total":60.698047599999995,"children":{"RayPerceptionSensor.Perceive":{"count":15003144,"self":11.4876176,"total":11.487617199999999,"children":null}}}}}}}}},"DecideAction":{"count":3125651,"self":4526.9884928,"total":4526.9883095999994,"children":null},"AgentAct":{"count":3125651,"self":69.9935232,"total":70.090485,"children":{"AgentInfo.ToProto":{"count":5000,"self":0.0172277,"total":0.09696239999999999,"children":{"GenerateSensorData":{"count":5000,"self":0.062552,"total":0.079734699999999992,"children":{"RayPerceptionSensor.Perceive":{"count":15000,"self":0.0171827,"total":0.0171827,"children":null}}}}}}}},"gauges":{"Hummingbird.CumulativeReward":{"count":5000,"max":64.18387,"min":-27.5,"runningAverage":34.4136848,"value":46.0524521,"weightedAverage":44.9860878}},"metadata":{"timer_format_version":"0.1.0","start_time_seconds":"1731084639","unity_version":"2022.3.47f1","command_line_arguments":"D:\\Unity\\Editor\\2022.3.47f1\\Editor\\Unity.exe -projectpath D:\\Unity\\Proyectos\\Hummingbird -useHub -hubIPC -cloudEnvironment production -licensingIpc LicenseClient-Mariio -hubSessionId 72add7a0-4b10-412c-bc38-82e6990d0f8b -accessToken VI8d2gT7wPba8uge7veZkHcHJ_6T9xmuAy6dzKNYiDY006f","communication_protocol_version":"1.5.0","com.unity.ml-agents_version":"2.0.1","scene_name":"Training","end_time_seconds":"1731094948"}}